epoch_idx	precision@5	recall@5	ndcg@5	precision@10	recall@10	ndcg@10
10.0	0.254138708114624	0.057500749826431274	0.2668027038559974	0.22908277809619904	0.1009061336517334	0.2517196367374164
